-- ============================================================================
-- INSERT DATA - Load data from rulebook
-- ============================================================================
-- Generated by rulebook-to-postgres tool
-- Mode: check-add    Stage: dev
-- PK strategy: string (FK values are rewritten to match each PK)
-- ============================================================================

-- ----------------------------------------------------------------------------
-- AutoimmuneDiseases: Target heterogeneous autoimmune disease definitions tracked across development, aging, tissues, and disease stages.
-- ----------------------------------------------------------------------------
INSERT INTO autoimmune_diseases (autoimmune_disease_id, disease_label, is_complex_disease, disease_stages, treatments, clinical_phenotypes, individual_predictions, counterfactual_trajectories, intervention_targets)
VALUES ('sle', 'Systemic Lupus Erythematosus', TRUE, NULL, NULL, NULL, NULL, NULL, NULL) ON CONFLICT (autoimmune_disease_id) DO NOTHING;

INSERT INTO autoimmune_diseases (autoimmune_disease_id, disease_label, is_complex_disease, disease_stages, treatments, clinical_phenotypes, individual_predictions, counterfactual_trajectories, intervention_targets)
VALUES ('ra', 'Rheumatoid Arthritis', TRUE, NULL, NULL, NULL, NULL, NULL, NULL) ON CONFLICT (autoimmune_disease_id) DO NOTHING;

INSERT INTO autoimmune_diseases (autoimmune_disease_id, disease_label, is_complex_disease, disease_stages, treatments, clinical_phenotypes, individual_predictions, counterfactual_trajectories, intervention_targets)
VALUES ('psa', 'Psoriatic Arthritis', TRUE, NULL, NULL, NULL, NULL, NULL, NULL) ON CONFLICT (autoimmune_disease_id) DO NOTHING;

-- ----------------------------------------------------------------------------
-- DiseaseStages: Ordered disease stages capturing presymptomatic, active, remission, and treatment-refractory phases along disease progression.
-- ----------------------------------------------------------------------------
INSERT INTO disease_stages (disease_stage_id, stage_label, sort_order, autoimmune_disease)
VALUES ('sle-presymptomatic', 'Presymptomatic', 1, 'sle') ON CONFLICT (disease_stage_id) DO NOTHING;

INSERT INTO disease_stages (disease_stage_id, stage_label, sort_order, autoimmune_disease)
VALUES ('sle-active', 'Active', 2, 'sle') ON CONFLICT (disease_stage_id) DO NOTHING;

INSERT INTO disease_stages (disease_stage_id, stage_label, sort_order, autoimmune_disease)
VALUES ('sle-remission', 'Remission', 3, 'sle') ON CONFLICT (disease_stage_id) DO NOTHING;

INSERT INTO disease_stages (disease_stage_id, stage_label, sort_order, autoimmune_disease)
VALUES ('ra-active', 'Active', 1, 'ra') ON CONFLICT (disease_stage_id) DO NOTHING;

INSERT INTO disease_stages (disease_stage_id, stage_label, sort_order, autoimmune_disease)
VALUES ('ra-remission', 'Remission', 2, 'ra') ON CONFLICT (disease_stage_id) DO NOTHING;

INSERT INTO disease_stages (disease_stage_id, stage_label, sort_order, autoimmune_disease)
VALUES ('psa-active', 'Active', 1, 'psa') ON CONFLICT (disease_stage_id) DO NOTHING;

-- ----------------------------------------------------------------------------
-- Tissues: Anatomical tissues where omics assays resolve cell-state-specific effects; includes cases of missing tissues.
-- ----------------------------------------------------------------------------
INSERT INTO tissues (tissue_id, tissue_label, omics_assays)
VALUES ('blood', 'Blood', NULL) ON CONFLICT (tissue_id) DO NOTHING;

INSERT INTO tissues (tissue_id, tissue_label, omics_assays)
VALUES ('gut', 'Gut', NULL) ON CONFLICT (tissue_id) DO NOTHING;

INSERT INTO tissues (tissue_id, tissue_label, omics_assays)
VALUES ('synovium', 'Synovium', NULL) ON CONFLICT (tissue_id) DO NOTHING;

INSERT INTO tissues (tissue_id, tissue_label, omics_assays)
VALUES ('skin', 'Skin', NULL) ON CONFLICT (tissue_id) DO NOTHING;

INSERT INTO tissues (tissue_id, tissue_label, omics_assays)
VALUES ('kidney', 'Kidney', NULL) ON CONFLICT (tissue_id) DO NOTHING;

-- ----------------------------------------------------------------------------
-- OmicsModalities: Registry of omics assay modalities: RNA-seq, ATAC-seq, proteomics, metabolomics, methylomes, chromatin-conformation, immune-receptor repertoires, microbiomes, and long-read genomes.
-- ----------------------------------------------------------------------------
INSERT INTO omics_modalities (omics_modality_id, modality_label, is_single_cell, omics_assays)
VALUES ('long-read-genomes', 'Phased Telomere-to-Telomere Long-Read Genomes', FALSE, NULL) ON CONFLICT (omics_modality_id) DO NOTHING;

INSERT INTO omics_modalities (omics_modality_id, modality_label, is_single_cell, omics_assays)
VALUES ('rna-seq', 'RNA-seq', FALSE, NULL) ON CONFLICT (omics_modality_id) DO NOTHING;

INSERT INTO omics_modalities (omics_modality_id, modality_label, is_single_cell, omics_assays)
VALUES ('single-cell-rna', 'Single-Cell RNA-seq', TRUE, NULL) ON CONFLICT (omics_modality_id) DO NOTHING;

INSERT INTO omics_modalities (omics_modality_id, modality_label, is_single_cell, omics_assays)
VALUES ('atac-seq', 'ATAC-seq', FALSE, NULL) ON CONFLICT (omics_modality_id) DO NOTHING;

INSERT INTO omics_modalities (omics_modality_id, modality_label, is_single_cell, omics_assays)
VALUES ('proteomics', 'Proteomics', FALSE, NULL) ON CONFLICT (omics_modality_id) DO NOTHING;

INSERT INTO omics_modalities (omics_modality_id, modality_label, is_single_cell, omics_assays)
VALUES ('microbiome', 'Microbiome', FALSE, NULL) ON CONFLICT (omics_modality_id) DO NOTHING;

INSERT INTO omics_modalities (omics_modality_id, modality_label, is_single_cell, omics_assays)
VALUES ('methylome', 'Methylome (sparse context)', FALSE, NULL) ON CONFLICT (omics_modality_id) DO NOTHING;

INSERT INTO omics_modalities (omics_modality_id, modality_label, is_single_cell, omics_assays)
VALUES ('hi-c', 'Chromatin Conformation Hi-C (sparse context)', FALSE, NULL) ON CONFLICT (omics_modality_id) DO NOTHING;

-- ----------------------------------------------------------------------------
-- FederatedDatasets: Privacy-preserving federated datasets contributing cohort partitions without centralizing raw genomes.
-- ----------------------------------------------------------------------------
INSERT INTO federated_datasets (federated_dataset_id, node_label, region, is_privacy_preserving, individuals, omics_assays, cohort_replications)
VALUES ('fed-europe', 'European Reference Node', 'Europe', TRUE, NULL, NULL, NULL) ON CONFLICT (federated_dataset_id) DO NOTHING;

INSERT INTO federated_datasets (federated_dataset_id, node_label, region, is_privacy_preserving, individuals, omics_assays, cohort_replications)
VALUES ('fed-east-asia', 'East Asia Federated Node', 'East Asia', TRUE, NULL, NULL, NULL) ON CONFLICT (federated_dataset_id) DO NOTHING;

INSERT INTO federated_datasets (federated_dataset_id, node_label, region, is_privacy_preserving, individuals, omics_assays, cohort_replications)
VALUES ('fed-west-africa', 'West Africa Federated Node', 'West Africa', TRUE, NULL, NULL, NULL) ON CONFLICT (federated_dataset_id) DO NOTHING;

INSERT INTO federated_datasets (federated_dataset_id, node_label, region, is_privacy_preserving, individuals, omics_assays, cohort_replications)
VALUES ('fed-amazon', 'Amazon Indigenous Cohort', 'Amazon Basin', TRUE, NULL, NULL, NULL) ON CONFLICT (federated_dataset_id) DO NOTHING;

-- ----------------------------------------------------------------------------
-- VariantTypes: Classification of genomic variant mechanisms: regulatory, coding, repeat expansions, mobile-element insertions, HLA haplotypes, structural variants, de novo mutations, somatic mosaicism, mitochondrial variation.
-- ----------------------------------------------------------------------------
INSERT INTO variant_types (variant_type_id, type_label, is_rare_variant_class, genomic_variants)
VALUES ('regulatory', 'Regulatory Variant', TRUE, NULL) ON CONFLICT (variant_type_id) DO NOTHING;

INSERT INTO variant_types (variant_type_id, type_label, is_rare_variant_class, genomic_variants)
VALUES ('coding', 'Coding Variant', FALSE, NULL) ON CONFLICT (variant_type_id) DO NOTHING;

INSERT INTO variant_types (variant_type_id, type_label, is_rare_variant_class, genomic_variants)
VALUES ('hla-haplotype', 'HLA Haplotype', FALSE, NULL) ON CONFLICT (variant_type_id) DO NOTHING;

INSERT INTO variant_types (variant_type_id, type_label, is_rare_variant_class, genomic_variants)
VALUES ('structural', 'Structural Variant', TRUE, NULL) ON CONFLICT (variant_type_id) DO NOTHING;

INSERT INTO variant_types (variant_type_id, type_label, is_rare_variant_class, genomic_variants)
VALUES ('de-novo', 'De Novo Mutation', TRUE, NULL) ON CONFLICT (variant_type_id) DO NOTHING;

-- ----------------------------------------------------------------------------
-- Individuals: Ancestrally diverse cohort participants whose phased genomes, omics profiles, exposures, and clinical phenotypes feed causal architecture inference.
-- ----------------------------------------------------------------------------
INSERT INTO individuals (individual_id, given_name, family_name, ancestry_label, age_years, is_ancestry_absent_from_training, federated_dataset, enrollment_date, has_cryptic_relatedness_flag, genomic_variants, omics_assays, environmental_exposures, treatments, clinical_phenotypes, causal_mechanisms, epistatic_interactions, counterfactual_trajectories, individual_predictions)
VALUES ('ind-a-reyes', 'Ana', 'Reyes', 'European', 34, FALSE, 'fed-europe', '2023-04-10', FALSE, NULL, NULL, NULL, NULL, NULL, NULL, NULL, NULL, NULL) ON CONFLICT (individual_id) DO NOTHING;

INSERT INTO individuals (individual_id, given_name, family_name, ancestry_label, age_years, is_ancestry_absent_from_training, federated_dataset, enrollment_date, has_cryptic_relatedness_flag, genomic_variants, omics_assays, environmental_exposures, treatments, clinical_phenotypes, causal_mechanisms, epistatic_interactions, counterfactual_trajectories, individual_predictions)
VALUES ('ind-b-okafor', 'Bili', 'Okafor', 'European', 41, FALSE, 'fed-europe', '2023-05-12', FALSE, NULL, NULL, NULL, NULL, NULL, NULL, NULL, NULL, NULL) ON CONFLICT (individual_id) DO NOTHING;

INSERT INTO individuals (individual_id, given_name, family_name, ancestry_label, age_years, is_ancestry_absent_from_training, federated_dataset, enrollment_date, has_cryptic_relatedness_flag, genomic_variants, omics_assays, environmental_exposures, treatments, clinical_phenotypes, causal_mechanisms, epistatic_interactions, counterfactual_trajectories, individual_predictions)
VALUES ('ind-c-chen', 'Chen', 'Wei', 'East Asian', 47, FALSE, 'fed-east-asia', '2022-09-01', FALSE, NULL, NULL, NULL, NULL, NULL, NULL, NULL, NULL, NULL) ON CONFLICT (individual_id) DO NOTHING;

INSERT INTO individuals (individual_id, given_name, family_name, ancestry_label, age_years, is_ancestry_absent_from_training, federated_dataset, enrollment_date, has_cryptic_relatedness_flag, genomic_variants, omics_assays, environmental_exposures, treatments, clinical_phenotypes, causal_mechanisms, epistatic_interactions, counterfactual_trajectories, individual_predictions)
VALUES ('ind-d-santos', 'Diego', 'Santos', 'European', 29, FALSE, 'fed-europe', '2024-01-20', TRUE, NULL, NULL, NULL, NULL, NULL, NULL, NULL, NULL, NULL) ON CONFLICT (individual_id) DO NOTHING;

INSERT INTO individuals (individual_id, given_name, family_name, ancestry_label, age_years, is_ancestry_absent_from_training, federated_dataset, enrollment_date, has_cryptic_relatedness_flag, genomic_variants, omics_assays, environmental_exposures, treatments, clinical_phenotypes, causal_mechanisms, epistatic_interactions, counterfactual_trajectories, individual_predictions)
VALUES ('ind-e-mensah', 'Esi', 'Mensah', 'African', 38, FALSE, 'fed-west-africa', '2023-07-15', FALSE, NULL, NULL, NULL, NULL, NULL, NULL, NULL, NULL, NULL) ON CONFLICT (individual_id) DO NOTHING;

INSERT INTO individuals (individual_id, given_name, family_name, ancestry_label, age_years, is_ancestry_absent_from_training, federated_dataset, enrollment_date, has_cryptic_relatedness_flag, genomic_variants, omics_assays, environmental_exposures, treatments, clinical_phenotypes, causal_mechanisms, epistatic_interactions, counterfactual_trajectories, individual_predictions)
VALUES ('ind-f-haidar', 'Faisal', 'Haidar', 'Indigenous American', 31, TRUE, 'fed-amazon', '2025-02-01', FALSE, NULL, NULL, NULL, NULL, NULL, NULL, NULL, NULL, NULL) ON CONFLICT (individual_id) DO NOTHING;

INSERT INTO individuals (individual_id, given_name, family_name, ancestry_label, age_years, is_ancestry_absent_from_training, federated_dataset, enrollment_date, has_cryptic_relatedness_flag, genomic_variants, omics_assays, environmental_exposures, treatments, clinical_phenotypes, causal_mechanisms, epistatic_interactions, counterfactual_trajectories, individual_predictions)
VALUES ('ind-g-lin', 'Grace', 'Lin', 'Indigenous American', 36, TRUE, 'fed-amazon', '2025-02-03', FALSE, NULL, NULL, NULL, NULL, NULL, NULL, NULL, NULL, NULL) ON CONFLICT (individual_id) DO NOTHING;

-- ----------------------------------------------------------------------------
-- GenomicVariants: Genomic variant calls per individual spanning regulatory, coding, structural, HLA haplotypes, de novo mutations, somatic mosaicism, and mitochondrial variation.
-- ----------------------------------------------------------------------------
INSERT INTO genomic_variants (genomic_variant_id, variant_label, individual, variant_type, allele_frequency, has_allele_specific_expression)
VALUES ('var-a-irf5', 'IRF5 regulatory (rs2004640)', 'ind-a-reyes', 'regulatory', 0.006, TRUE) ON CONFLICT (genomic_variant_id) DO NOTHING;

INSERT INTO genomic_variants (genomic_variant_id, variant_label, individual, variant_type, allele_frequency, has_allele_specific_expression)
VALUES ('var-b-irf5', 'IRF5 regulatory (rs2004640)', 'ind-b-okafor', 'regulatory', 0.006, TRUE) ON CONFLICT (genomic_variant_id) DO NOTHING;

INSERT INTO genomic_variants (genomic_variant_id, variant_label, individual, variant_type, allele_frequency, has_allele_specific_expression)
VALUES ('var-c-stat4', 'STAT4 regulatory (rs7574865)', 'ind-c-chen', 'regulatory', 0.008, TRUE) ON CONFLICT (genomic_variant_id) DO NOTHING;

INSERT INTO genomic_variants (genomic_variant_id, variant_label, individual, variant_type, allele_frequency, has_allele_specific_expression)
VALUES ('var-d-irf5', 'IRF5 regulatory (rs2004640)', 'ind-d-santos', 'regulatory', 0.006, TRUE) ON CONFLICT (genomic_variant_id) DO NOTHING;

INSERT INTO genomic_variants (genomic_variant_id, variant_label, individual, variant_type, allele_frequency, has_allele_specific_expression)
VALUES ('var-e-ctla4', 'CTLA4 enhancer (rs3087243)', 'ind-e-mensah', 'regulatory', 0.007, TRUE) ON CONFLICT (genomic_variant_id) DO NOTHING;

INSERT INTO genomic_variants (genomic_variant_id, variant_label, individual, variant_type, allele_frequency, has_allele_specific_expression)
VALUES ('var-f-il23r', 'IL23R regulatory (rs11209026)', 'ind-f-haidar', 'regulatory', 0.009, TRUE) ON CONFLICT (genomic_variant_id) DO NOTHING;

INSERT INTO genomic_variants (genomic_variant_id, variant_label, individual, variant_type, allele_frequency, has_allele_specific_expression)
VALUES ('var-g-il23r', 'IL23R regulatory (rs11209026)', 'ind-g-lin', 'regulatory', 0.009, TRUE) ON CONFLICT (genomic_variant_id) DO NOTHING;

-- ----------------------------------------------------------------------------
-- OmicsAssays: Omics assay instances linking individuals to modalities and tissues; captures batch effects, measurement error, and missing tissues.
-- ----------------------------------------------------------------------------
INSERT INTO omics_assays (omics_assay_id, assay_label, individual, omics_modality, tissue, federated_dataset, batch_id, measurement_error_score, has_cell_state_specific_effect, evidence_items)
VALUES ('assay-a-rna', 'assay-a-rna', 'ind-a-reyes', 'rna-seq', 'blood', '', 'b1', 0.05, TRUE, NULL) ON CONFLICT (omics_assay_id) DO NOTHING;

INSERT INTO omics_assays (omics_assay_id, assay_label, individual, omics_modality, tissue, federated_dataset, batch_id, measurement_error_score, has_cell_state_specific_effect, evidence_items)
VALUES ('assay-a-atac', 'assay-a-atac', 'ind-a-reyes', 'atac-seq', 'blood', '', 'b1', 0.05, TRUE, NULL) ON CONFLICT (omics_assay_id) DO NOTHING;

INSERT INTO omics_assays (omics_assay_id, assay_label, individual, omics_modality, tissue, federated_dataset, batch_id, measurement_error_score, has_cell_state_specific_effect, evidence_items)
VALUES ('assay-a-prot', 'assay-a-prot', 'ind-a-reyes', 'proteomics', 'blood', '', 'b1', 0.05, TRUE, NULL) ON CONFLICT (omics_assay_id) DO NOTHING;

INSERT INTO omics_assays (omics_assay_id, assay_label, individual, omics_modality, tissue, federated_dataset, batch_id, measurement_error_score, has_cell_state_specific_effect, evidence_items)
VALUES ('assay-b-rna', 'assay-b-rna', 'ind-b-okafor', 'rna-seq', 'blood', '', 'b1', 0.05, TRUE, NULL) ON CONFLICT (omics_assay_id) DO NOTHING;

INSERT INTO omics_assays (omics_assay_id, assay_label, individual, omics_modality, tissue, federated_dataset, batch_id, measurement_error_score, has_cell_state_specific_effect, evidence_items)
VALUES ('assay-b-atac', 'assay-b-atac', 'ind-b-okafor', 'atac-seq', 'blood', '', 'b1', 0.05, TRUE, NULL) ON CONFLICT (omics_assay_id) DO NOTHING;

INSERT INTO omics_assays (omics_assay_id, assay_label, individual, omics_modality, tissue, federated_dataset, batch_id, measurement_error_score, has_cell_state_specific_effect, evidence_items)
VALUES ('assay-b-prot', 'assay-b-prot', 'ind-b-okafor', 'proteomics', 'blood', '', 'b1', 0.05, TRUE, NULL) ON CONFLICT (omics_assay_id) DO NOTHING;

INSERT INTO omics_assays (omics_assay_id, assay_label, individual, omics_modality, tissue, federated_dataset, batch_id, measurement_error_score, has_cell_state_specific_effect, evidence_items)
VALUES ('assay-c-rna', 'assay-c-rna', 'ind-c-chen', 'rna-seq', 'blood', '', 'b1', 0.05, TRUE, NULL) ON CONFLICT (omics_assay_id) DO NOTHING;

INSERT INTO omics_assays (omics_assay_id, assay_label, individual, omics_modality, tissue, federated_dataset, batch_id, measurement_error_score, has_cell_state_specific_effect, evidence_items)
VALUES ('assay-c-atac', 'assay-c-atac', 'ind-c-chen', 'atac-seq', 'blood', '', 'b1', 0.05, TRUE, NULL) ON CONFLICT (omics_assay_id) DO NOTHING;

INSERT INTO omics_assays (omics_assay_id, assay_label, individual, omics_modality, tissue, federated_dataset, batch_id, measurement_error_score, has_cell_state_specific_effect, evidence_items)
VALUES ('assay-c-prot', 'assay-c-prot', 'ind-c-chen', 'proteomics', 'blood', '', 'b1', 0.05, TRUE, NULL) ON CONFLICT (omics_assay_id) DO NOTHING;

INSERT INTO omics_assays (omics_assay_id, assay_label, individual, omics_modality, tissue, federated_dataset, batch_id, measurement_error_score, has_cell_state_specific_effect, evidence_items)
VALUES ('assay-d-rna', 'assay-d-rna', 'ind-d-santos', 'rna-seq', 'blood', '', 'b1', 0.05, TRUE, NULL) ON CONFLICT (omics_assay_id) DO NOTHING;

INSERT INTO omics_assays (omics_assay_id, assay_label, individual, omics_modality, tissue, federated_dataset, batch_id, measurement_error_score, has_cell_state_specific_effect, evidence_items)
VALUES ('assay-d-atac', 'assay-d-atac', 'ind-d-santos', 'atac-seq', 'blood', '', 'b1', 0.05, TRUE, NULL) ON CONFLICT (omics_assay_id) DO NOTHING;

INSERT INTO omics_assays (omics_assay_id, assay_label, individual, omics_modality, tissue, federated_dataset, batch_id, measurement_error_score, has_cell_state_specific_effect, evidence_items)
VALUES ('assay-d-prot', 'assay-d-prot', 'ind-d-santos', 'proteomics', 'blood', '', 'b1', 0.05, TRUE, NULL) ON CONFLICT (omics_assay_id) DO NOTHING;

INSERT INTO omics_assays (omics_assay_id, assay_label, individual, omics_modality, tissue, federated_dataset, batch_id, measurement_error_score, has_cell_state_specific_effect, evidence_items)
VALUES ('assay-e-rna', 'assay-e-rna', 'ind-e-mensah', 'rna-seq', 'blood', '', 'b1', 0.05, TRUE, NULL) ON CONFLICT (omics_assay_id) DO NOTHING;

INSERT INTO omics_assays (omics_assay_id, assay_label, individual, omics_modality, tissue, federated_dataset, batch_id, measurement_error_score, has_cell_state_specific_effect, evidence_items)
VALUES ('assay-e-atac', 'assay-e-atac', 'ind-e-mensah', 'atac-seq', 'blood', '', 'b1', 0.05, TRUE, NULL) ON CONFLICT (omics_assay_id) DO NOTHING;

INSERT INTO omics_assays (omics_assay_id, assay_label, individual, omics_modality, tissue, federated_dataset, batch_id, measurement_error_score, has_cell_state_specific_effect, evidence_items)
VALUES ('assay-e-prot', 'assay-e-prot', 'ind-e-mensah', 'proteomics', 'blood', '', 'b1', 0.05, TRUE, NULL) ON CONFLICT (omics_assay_id) DO NOTHING;

INSERT INTO omics_assays (omics_assay_id, assay_label, individual, omics_modality, tissue, federated_dataset, batch_id, measurement_error_score, has_cell_state_specific_effect, evidence_items)
VALUES ('assay-f-rna', 'assay-f-rna', 'ind-f-haidar', 'rna-seq', 'blood', '', 'b1', 0.05, TRUE, NULL) ON CONFLICT (omics_assay_id) DO NOTHING;

INSERT INTO omics_assays (omics_assay_id, assay_label, individual, omics_modality, tissue, federated_dataset, batch_id, measurement_error_score, has_cell_state_specific_effect, evidence_items)
VALUES ('assay-f-atac', 'assay-f-atac', 'ind-f-haidar', 'atac-seq', 'blood', '', 'b1', 0.05, TRUE, NULL) ON CONFLICT (omics_assay_id) DO NOTHING;

INSERT INTO omics_assays (omics_assay_id, assay_label, individual, omics_modality, tissue, federated_dataset, batch_id, measurement_error_score, has_cell_state_specific_effect, evidence_items)
VALUES ('assay-f-prot', 'assay-f-prot', 'ind-f-haidar', 'proteomics', 'blood', '', 'b1', 0.05, TRUE, NULL) ON CONFLICT (omics_assay_id) DO NOTHING;

INSERT INTO omics_assays (omics_assay_id, assay_label, individual, omics_modality, tissue, federated_dataset, batch_id, measurement_error_score, has_cell_state_specific_effect, evidence_items)
VALUES ('assay-g-rna', 'assay-g-rna', 'ind-g-lin', 'rna-seq', 'blood', '', 'b1', 0.05, TRUE, NULL) ON CONFLICT (omics_assay_id) DO NOTHING;

INSERT INTO omics_assays (omics_assay_id, assay_label, individual, omics_modality, tissue, federated_dataset, batch_id, measurement_error_score, has_cell_state_specific_effect, evidence_items)
VALUES ('assay-g-atac', 'assay-g-atac', 'ind-g-lin', 'atac-seq', 'blood', '', 'b1', 0.05, TRUE, NULL) ON CONFLICT (omics_assay_id) DO NOTHING;

INSERT INTO omics_assays (omics_assay_id, assay_label, individual, omics_modality, tissue, federated_dataset, batch_id, measurement_error_score, has_cell_state_specific_effect, evidence_items)
VALUES ('assay-g-prot', 'assay-g-prot', 'ind-g-lin', 'proteomics', 'blood', '', 'b1', 0.05, TRUE, NULL) ON CONFLICT (omics_assay_id) DO NOTHING;

-- ----------------------------------------------------------------------------
-- EvidenceItems: One observed support signal for a causal mechanism, measured by one omics assay. Mechanism confidence is an aggregation over these rows.
-- ----------------------------------------------------------------------------
INSERT INTO evidence_items (evidence_item_id, evidence_label, causal_mechanism, omics_assay, effect_size, standard_error, is_cross_modality, is_negative_control_arm, is_adjusted_for_ancestry_pcs, is_adjusted_for_batch)
VALUES ('ev-a-1', 'ev-a-1', 'cm-a', 'assay-a-rna', 0.8, 0.2, FALSE, FALSE, TRUE, TRUE) ON CONFLICT (evidence_item_id) DO NOTHING;

INSERT INTO evidence_items (evidence_item_id, evidence_label, causal_mechanism, omics_assay, effect_size, standard_error, is_cross_modality, is_negative_control_arm, is_adjusted_for_ancestry_pcs, is_adjusted_for_batch)
VALUES ('ev-a-2', 'ev-a-2', 'cm-a', 'assay-a-atac', 0.7, 0.2, TRUE, FALSE, TRUE, TRUE) ON CONFLICT (evidence_item_id) DO NOTHING;

INSERT INTO evidence_items (evidence_item_id, evidence_label, causal_mechanism, omics_assay, effect_size, standard_error, is_cross_modality, is_negative_control_arm, is_adjusted_for_ancestry_pcs, is_adjusted_for_batch)
VALUES ('ev-a-3', 'ev-a-3', 'cm-a', 'assay-a-prot', 0.6, 0.2, TRUE, FALSE, TRUE, TRUE) ON CONFLICT (evidence_item_id) DO NOTHING;

INSERT INTO evidence_items (evidence_item_id, evidence_label, causal_mechanism, omics_assay, effect_size, standard_error, is_cross_modality, is_negative_control_arm, is_adjusted_for_ancestry_pcs, is_adjusted_for_batch)
VALUES ('ev-b-1', 'ev-b-1', 'cm-b', 'assay-b-rna', 0.8, 0.2, FALSE, FALSE, TRUE, TRUE) ON CONFLICT (evidence_item_id) DO NOTHING;

INSERT INTO evidence_items (evidence_item_id, evidence_label, causal_mechanism, omics_assay, effect_size, standard_error, is_cross_modality, is_negative_control_arm, is_adjusted_for_ancestry_pcs, is_adjusted_for_batch)
VALUES ('ev-b-2', 'ev-b-2', 'cm-b', 'assay-b-atac', 0.7, 0.2, TRUE, FALSE, TRUE, TRUE) ON CONFLICT (evidence_item_id) DO NOTHING;

INSERT INTO evidence_items (evidence_item_id, evidence_label, causal_mechanism, omics_assay, effect_size, standard_error, is_cross_modality, is_negative_control_arm, is_adjusted_for_ancestry_pcs, is_adjusted_for_batch)
VALUES ('ev-b-3', 'ev-b-3', 'cm-b', 'assay-b-prot', 0.6, 0.2, TRUE, FALSE, TRUE, TRUE) ON CONFLICT (evidence_item_id) DO NOTHING;

INSERT INTO evidence_items (evidence_item_id, evidence_label, causal_mechanism, omics_assay, effect_size, standard_error, is_cross_modality, is_negative_control_arm, is_adjusted_for_ancestry_pcs, is_adjusted_for_batch)
VALUES ('ev-c-1', 'ev-c-1', 'cm-c', 'assay-c-rna', 0.8, 0.2, FALSE, FALSE, TRUE, TRUE) ON CONFLICT (evidence_item_id) DO NOTHING;

INSERT INTO evidence_items (evidence_item_id, evidence_label, causal_mechanism, omics_assay, effect_size, standard_error, is_cross_modality, is_negative_control_arm, is_adjusted_for_ancestry_pcs, is_adjusted_for_batch)
VALUES ('ev-c-2', 'ev-c-2', 'cm-c', 'assay-c-atac', 0.7, 0.2, TRUE, FALSE, TRUE, TRUE) ON CONFLICT (evidence_item_id) DO NOTHING;

INSERT INTO evidence_items (evidence_item_id, evidence_label, causal_mechanism, omics_assay, effect_size, standard_error, is_cross_modality, is_negative_control_arm, is_adjusted_for_ancestry_pcs, is_adjusted_for_batch)
VALUES ('ev-c-3', 'ev-c-3', 'cm-c', 'assay-c-prot', 0.6, 0.2, TRUE, FALSE, TRUE, TRUE) ON CONFLICT (evidence_item_id) DO NOTHING;

INSERT INTO evidence_items (evidence_item_id, evidence_label, causal_mechanism, omics_assay, effect_size, standard_error, is_cross_modality, is_negative_control_arm, is_adjusted_for_ancestry_pcs, is_adjusted_for_batch)
VALUES ('ev-d-1', 'ev-d-1', 'cm-d', 'assay-d-rna', 0.8, 0.2, FALSE, FALSE, TRUE, TRUE) ON CONFLICT (evidence_item_id) DO NOTHING;

INSERT INTO evidence_items (evidence_item_id, evidence_label, causal_mechanism, omics_assay, effect_size, standard_error, is_cross_modality, is_negative_control_arm, is_adjusted_for_ancestry_pcs, is_adjusted_for_batch)
VALUES ('ev-d-2', 'ev-d-2', 'cm-d', 'assay-d-atac', 0.7, 0.2, TRUE, FALSE, TRUE, TRUE) ON CONFLICT (evidence_item_id) DO NOTHING;

INSERT INTO evidence_items (evidence_item_id, evidence_label, causal_mechanism, omics_assay, effect_size, standard_error, is_cross_modality, is_negative_control_arm, is_adjusted_for_ancestry_pcs, is_adjusted_for_batch)
VALUES ('ev-d-3', 'ev-d-3', 'cm-d', 'assay-d-prot', 0.6, 0.2, TRUE, FALSE, TRUE, TRUE) ON CONFLICT (evidence_item_id) DO NOTHING;

INSERT INTO evidence_items (evidence_item_id, evidence_label, causal_mechanism, omics_assay, effect_size, standard_error, is_cross_modality, is_negative_control_arm, is_adjusted_for_ancestry_pcs, is_adjusted_for_batch)
VALUES ('ev-e-1', 'ev-e-1', 'cm-e', 'assay-e-rna', 0.8, 0.2, FALSE, FALSE, TRUE, TRUE) ON CONFLICT (evidence_item_id) DO NOTHING;

INSERT INTO evidence_items (evidence_item_id, evidence_label, causal_mechanism, omics_assay, effect_size, standard_error, is_cross_modality, is_negative_control_arm, is_adjusted_for_ancestry_pcs, is_adjusted_for_batch)
VALUES ('ev-e-2', 'ev-e-2', 'cm-e', 'assay-e-atac', 0.7, 0.2, TRUE, FALSE, TRUE, TRUE) ON CONFLICT (evidence_item_id) DO NOTHING;

INSERT INTO evidence_items (evidence_item_id, evidence_label, causal_mechanism, omics_assay, effect_size, standard_error, is_cross_modality, is_negative_control_arm, is_adjusted_for_ancestry_pcs, is_adjusted_for_batch)
VALUES ('ev-e-3', 'ev-e-3', 'cm-e', 'assay-e-prot', 0.6, 0.2, TRUE, FALSE, TRUE, TRUE) ON CONFLICT (evidence_item_id) DO NOTHING;

INSERT INTO evidence_items (evidence_item_id, evidence_label, causal_mechanism, omics_assay, effect_size, standard_error, is_cross_modality, is_negative_control_arm, is_adjusted_for_ancestry_pcs, is_adjusted_for_batch)
VALUES ('ev-f-1', 'ev-f-1', 'cm-f', 'assay-f-rna', 0.8, 0.2, FALSE, FALSE, TRUE, TRUE) ON CONFLICT (evidence_item_id) DO NOTHING;

INSERT INTO evidence_items (evidence_item_id, evidence_label, causal_mechanism, omics_assay, effect_size, standard_error, is_cross_modality, is_negative_control_arm, is_adjusted_for_ancestry_pcs, is_adjusted_for_batch)
VALUES ('ev-f-2', 'ev-f-2', 'cm-f', 'assay-f-atac', 0.7, 0.2, TRUE, FALSE, TRUE, TRUE) ON CONFLICT (evidence_item_id) DO NOTHING;

INSERT INTO evidence_items (evidence_item_id, evidence_label, causal_mechanism, omics_assay, effect_size, standard_error, is_cross_modality, is_negative_control_arm, is_adjusted_for_ancestry_pcs, is_adjusted_for_batch)
VALUES ('ev-f-3', 'ev-f-3', 'cm-f', 'assay-f-prot', 0.6, 0.2, TRUE, FALSE, TRUE, TRUE) ON CONFLICT (evidence_item_id) DO NOTHING;

INSERT INTO evidence_items (evidence_item_id, evidence_label, causal_mechanism, omics_assay, effect_size, standard_error, is_cross_modality, is_negative_control_arm, is_adjusted_for_ancestry_pcs, is_adjusted_for_batch)
VALUES ('ev-g-1', 'ev-g-1', 'cm-g', 'assay-g-rna', 0.8, 0.2, FALSE, FALSE, TRUE, TRUE) ON CONFLICT (evidence_item_id) DO NOTHING;

INSERT INTO evidence_items (evidence_item_id, evidence_label, causal_mechanism, omics_assay, effect_size, standard_error, is_cross_modality, is_negative_control_arm, is_adjusted_for_ancestry_pcs, is_adjusted_for_batch)
VALUES ('ev-g-2', 'ev-g-2', 'cm-g', 'assay-g-atac', 0.7, 0.2, TRUE, FALSE, TRUE, TRUE) ON CONFLICT (evidence_item_id) DO NOTHING;

INSERT INTO evidence_items (evidence_item_id, evidence_label, causal_mechanism, omics_assay, effect_size, standard_error, is_cross_modality, is_negative_control_arm, is_adjusted_for_ancestry_pcs, is_adjusted_for_batch)
VALUES ('ev-g-3', 'ev-g-3', 'cm-g', 'assay-g-prot', 0.6, 0.2, TRUE, FALSE, TRUE, TRUE) ON CONFLICT (evidence_item_id) DO NOTHING;

-- ----------------------------------------------------------------------------
-- CohortReplications: One re-test of a causal mechanism in another federated cohort. Replication and cross-ancestry transport are aggregations over these rows.
-- ----------------------------------------------------------------------------
INSERT INTO cohort_replications (cohort_replication_id, replication_label, causal_mechanism, federated_dataset, replication_effect_sign, replication_p_value, replication_ancestry_label)
VALUES ('rep-a-1', 'rep-a-1', 'cm-a', 'fed-east-asia', 1, 0.01, 'East Asian') ON CONFLICT (cohort_replication_id) DO NOTHING;

INSERT INTO cohort_replications (cohort_replication_id, replication_label, causal_mechanism, federated_dataset, replication_effect_sign, replication_p_value, replication_ancestry_label)
VALUES ('rep-a-2', 'rep-a-2', 'cm-a', 'fed-west-africa', 1, 0.02, 'African') ON CONFLICT (cohort_replication_id) DO NOTHING;

INSERT INTO cohort_replications (cohort_replication_id, replication_label, causal_mechanism, federated_dataset, replication_effect_sign, replication_p_value, replication_ancestry_label)
VALUES ('rep-a-3', 'rep-a-3', 'cm-a', 'fed-europe', 1, 0.2, 'European') ON CONFLICT (cohort_replication_id) DO NOTHING;

INSERT INTO cohort_replications (cohort_replication_id, replication_label, causal_mechanism, federated_dataset, replication_effect_sign, replication_p_value, replication_ancestry_label)
VALUES ('rep-b-1', 'rep-b-1', 'cm-b', 'fed-east-asia', 1, 0.01, 'East Asian') ON CONFLICT (cohort_replication_id) DO NOTHING;

INSERT INTO cohort_replications (cohort_replication_id, replication_label, causal_mechanism, federated_dataset, replication_effect_sign, replication_p_value, replication_ancestry_label)
VALUES ('rep-b-2', 'rep-b-2', 'cm-b', 'fed-west-africa', 1, 0.02, 'African') ON CONFLICT (cohort_replication_id) DO NOTHING;

INSERT INTO cohort_replications (cohort_replication_id, replication_label, causal_mechanism, federated_dataset, replication_effect_sign, replication_p_value, replication_ancestry_label)
VALUES ('rep-b-3', 'rep-b-3', 'cm-b', 'fed-europe', 1, 0.2, 'European') ON CONFLICT (cohort_replication_id) DO NOTHING;

INSERT INTO cohort_replications (cohort_replication_id, replication_label, causal_mechanism, federated_dataset, replication_effect_sign, replication_p_value, replication_ancestry_label)
VALUES ('rep-c-1', 'rep-c-1', 'cm-c', 'fed-east-asia', 1, 0.01, 'East Asian') ON CONFLICT (cohort_replication_id) DO NOTHING;

INSERT INTO cohort_replications (cohort_replication_id, replication_label, causal_mechanism, federated_dataset, replication_effect_sign, replication_p_value, replication_ancestry_label)
VALUES ('rep-c-2', 'rep-c-2', 'cm-c', 'fed-west-africa', -1, 0.02, 'African') ON CONFLICT (cohort_replication_id) DO NOTHING;

INSERT INTO cohort_replications (cohort_replication_id, replication_label, causal_mechanism, federated_dataset, replication_effect_sign, replication_p_value, replication_ancestry_label)
VALUES ('rep-c-3', 'rep-c-3', 'cm-c', 'fed-europe', 1, 0.3, 'European') ON CONFLICT (cohort_replication_id) DO NOTHING;

INSERT INTO cohort_replications (cohort_replication_id, replication_label, causal_mechanism, federated_dataset, replication_effect_sign, replication_p_value, replication_ancestry_label)
VALUES ('rep-d-1', 'rep-d-1', 'cm-d', 'fed-east-asia', 1, 0.01, 'East Asian') ON CONFLICT (cohort_replication_id) DO NOTHING;

INSERT INTO cohort_replications (cohort_replication_id, replication_label, causal_mechanism, federated_dataset, replication_effect_sign, replication_p_value, replication_ancestry_label)
VALUES ('rep-d-2', 'rep-d-2', 'cm-d', 'fed-west-africa', 1, 0.02, 'African') ON CONFLICT (cohort_replication_id) DO NOTHING;

INSERT INTO cohort_replications (cohort_replication_id, replication_label, causal_mechanism, federated_dataset, replication_effect_sign, replication_p_value, replication_ancestry_label)
VALUES ('rep-d-3', 'rep-d-3', 'cm-d', 'fed-europe', 1, 0.2, 'European') ON CONFLICT (cohort_replication_id) DO NOTHING;

INSERT INTO cohort_replications (cohort_replication_id, replication_label, causal_mechanism, federated_dataset, replication_effect_sign, replication_p_value, replication_ancestry_label)
VALUES ('rep-e-1', 'rep-e-1', 'cm-e', 'fed-east-asia', 1, 0.01, 'East Asian') ON CONFLICT (cohort_replication_id) DO NOTHING;

INSERT INTO cohort_replications (cohort_replication_id, replication_label, causal_mechanism, federated_dataset, replication_effect_sign, replication_p_value, replication_ancestry_label)
VALUES ('rep-e-2', 'rep-e-2', 'cm-e', 'fed-europe', 1, 0.02, 'European') ON CONFLICT (cohort_replication_id) DO NOTHING;

INSERT INTO cohort_replications (cohort_replication_id, replication_label, causal_mechanism, federated_dataset, replication_effect_sign, replication_p_value, replication_ancestry_label)
VALUES ('rep-e-3', 'rep-e-3', 'cm-e', 'fed-west-africa', 1, 0.2, 'African') ON CONFLICT (cohort_replication_id) DO NOTHING;

INSERT INTO cohort_replications (cohort_replication_id, replication_label, causal_mechanism, federated_dataset, replication_effect_sign, replication_p_value, replication_ancestry_label)
VALUES ('rep-f-1', 'rep-f-1', 'cm-f', 'fed-amazon', 1, 0.01, 'Indigenous American') ON CONFLICT (cohort_replication_id) DO NOTHING;

INSERT INTO cohort_replications (cohort_replication_id, replication_label, causal_mechanism, federated_dataset, replication_effect_sign, replication_p_value, replication_ancestry_label)
VALUES ('rep-f-2', 'rep-f-2', 'cm-f', 'fed-amazon', 1, 0.02, 'Indigenous American') ON CONFLICT (cohort_replication_id) DO NOTHING;

INSERT INTO cohort_replications (cohort_replication_id, replication_label, causal_mechanism, federated_dataset, replication_effect_sign, replication_p_value, replication_ancestry_label)
VALUES ('rep-f-3', 'rep-f-3', 'cm-f', 'fed-amazon', 1, 0.03, 'Indigenous American') ON CONFLICT (cohort_replication_id) DO NOTHING;

INSERT INTO cohort_replications (cohort_replication_id, replication_label, causal_mechanism, federated_dataset, replication_effect_sign, replication_p_value, replication_ancestry_label)
VALUES ('rep-g-1', 'rep-g-1', 'cm-g', 'fed-europe', 1, 0.01, 'European') ON CONFLICT (cohort_replication_id) DO NOTHING;

INSERT INTO cohort_replications (cohort_replication_id, replication_label, causal_mechanism, federated_dataset, replication_effect_sign, replication_p_value, replication_ancestry_label)
VALUES ('rep-g-2', 'rep-g-2', 'cm-g', 'fed-east-asia', 1, 0.02, 'East Asian') ON CONFLICT (cohort_replication_id) DO NOTHING;

INSERT INTO cohort_replications (cohort_replication_id, replication_label, causal_mechanism, federated_dataset, replication_effect_sign, replication_p_value, replication_ancestry_label)
VALUES ('rep-g-3', 'rep-g-3', 'cm-g', 'fed-amazon', 1, 0.03, 'Indigenous American') ON CONFLICT (cohort_replication_id) DO NOTHING;

-- ----------------------------------------------------------------------------
-- NegativeControlTests: One stratification / permutation control on a causal mechanism. A true causal signal collapses under the control.
-- ----------------------------------------------------------------------------
INSERT INTO negative_control_tests (negative_control_test_id, control_label, causal_mechanism, test_kind, permutation_effect_size, null_threshold)
VALUES ('nct-a-1', 'nct-a-1', 'cm-a', 'ancestry-permutation', 0.01, 0.1) ON CONFLICT (negative_control_test_id) DO NOTHING;

INSERT INTO negative_control_tests (negative_control_test_id, control_label, causal_mechanism, test_kind, permutation_effect_size, null_threshold)
VALUES ('nct-a-2', 'nct-a-2', 'cm-a', 'ancestry-permutation', 0.02, 0.1) ON CONFLICT (negative_control_test_id) DO NOTHING;

INSERT INTO negative_control_tests (negative_control_test_id, control_label, causal_mechanism, test_kind, permutation_effect_size, null_threshold)
VALUES ('nct-b-1', 'nct-b-1', 'cm-b', 'ancestry-permutation', 0.01, 0.1) ON CONFLICT (negative_control_test_id) DO NOTHING;

INSERT INTO negative_control_tests (negative_control_test_id, control_label, causal_mechanism, test_kind, permutation_effect_size, null_threshold)
VALUES ('nct-b-2', 'nct-b-2', 'cm-b', 'ancestry-permutation', 0.02, 0.1) ON CONFLICT (negative_control_test_id) DO NOTHING;

INSERT INTO negative_control_tests (negative_control_test_id, control_label, causal_mechanism, test_kind, permutation_effect_size, null_threshold)
VALUES ('nct-d-1', 'nct-d-1', 'cm-d', 'ancestry-permutation', 0.01, 0.1) ON CONFLICT (negative_control_test_id) DO NOTHING;

INSERT INTO negative_control_tests (negative_control_test_id, control_label, causal_mechanism, test_kind, permutation_effect_size, null_threshold)
VALUES ('nct-d-2', 'nct-d-2', 'cm-d', 'ancestry-permutation', 0.02, 0.1) ON CONFLICT (negative_control_test_id) DO NOTHING;

INSERT INTO negative_control_tests (negative_control_test_id, control_label, causal_mechanism, test_kind, permutation_effect_size, null_threshold)
VALUES ('nct-e-1', 'nct-e-1', 'cm-e', 'ancestry-permutation', 0.01, 0.1) ON CONFLICT (negative_control_test_id) DO NOTHING;

INSERT INTO negative_control_tests (negative_control_test_id, control_label, causal_mechanism, test_kind, permutation_effect_size, null_threshold)
VALUES ('nct-e-2', 'nct-e-2', 'cm-e', 'ancestry-permutation', 0.02, 0.1) ON CONFLICT (negative_control_test_id) DO NOTHING;

INSERT INTO negative_control_tests (negative_control_test_id, control_label, causal_mechanism, test_kind, permutation_effect_size, null_threshold)
VALUES ('nct-f-1', 'nct-f-1', 'cm-f', 'ancestry-permutation', 0.01, 0.1) ON CONFLICT (negative_control_test_id) DO NOTHING;

INSERT INTO negative_control_tests (negative_control_test_id, control_label, causal_mechanism, test_kind, permutation_effect_size, null_threshold)
VALUES ('nct-f-2', 'nct-f-2', 'cm-f', 'ancestry-permutation', 0.02, 0.1) ON CONFLICT (negative_control_test_id) DO NOTHING;

INSERT INTO negative_control_tests (negative_control_test_id, control_label, causal_mechanism, test_kind, permutation_effect_size, null_threshold)
VALUES ('nct-g-1', 'nct-g-1', 'cm-g', 'ancestry-permutation', 0.01, 0.1) ON CONFLICT (negative_control_test_id) DO NOTHING;

INSERT INTO negative_control_tests (negative_control_test_id, control_label, causal_mechanism, test_kind, permutation_effect_size, null_threshold)
VALUES ('nct-g-2', 'nct-g-2', 'cm-g', 'ancestry-permutation', 0.02, 0.1) ON CONFLICT (negative_control_test_id) DO NOTHING;

INSERT INTO negative_control_tests (negative_control_test_id, control_label, causal_mechanism, test_kind, permutation_effect_size, null_threshold)
VALUES ('nct-c-1', 'nct-c-1', 'cm-c', 'ancestry-permutation', 0.01, 0.1) ON CONFLICT (negative_control_test_id) DO NOTHING;

INSERT INTO negative_control_tests (negative_control_test_id, control_label, causal_mechanism, test_kind, permutation_effect_size, null_threshold)
VALUES ('nct-c-2', 'nct-c-2', 'cm-c', 'ancestry-permutation', 0.5, 0.1) ON CONFLICT (negative_control_test_id) DO NOTHING;

-- ----------------------------------------------------------------------------
-- EnvironmentalExposures: Longitudinal environmental exposures contributing to gene-environment-microbiome interactions and shifting environments.
-- ----------------------------------------------------------------------------
INSERT INTO environmental_exposures (environmental_exposure_id, exposure_label, individual, exposure_level, exposure_start_date, is_maternal_effect)
VALUES ('exp-context', 'Smoking pack-years (context only)', 'ind-a-reyes', 3, '2015-01-01', FALSE) ON CONFLICT (environmental_exposure_id) DO NOTHING;

-- ----------------------------------------------------------------------------
-- Treatments: Treatment histories capturing treatment-induced changes, treatment response, and adverse effects.
-- ----------------------------------------------------------------------------
INSERT INTO treatments (treatment_id, treatment_label, individual, autoimmune_disease, treatment_response, has_treatment_induced_change, has_adverse_effect, start_date)
VALUES ('tx-context', 'Anifrolumab (context only)', 'ind-a-reyes', 'sle', 'Partial', TRUE, FALSE, '2024-01-01') ON CONFLICT (treatment_id) DO NOTHING;

-- ----------------------------------------------------------------------------
-- ClinicalPhenotypes: Clinical phenotypes including severity, immune dysfunction markers, and feedback from disease progression.
-- ----------------------------------------------------------------------------
INSERT INTO clinical_phenotypes (clinical_phenotype_id, phenotype_label, individual, autoimmune_disease, disease_stage, tissue, severity_score, measurement_date, has_immune_dysfunction)
VALUES ('ph-context', 'ANA elevation (context only)', 'ind-a-reyes', 'sle', 'sle-presymptomatic', 'blood', 4, '2024-02-01', TRUE) ON CONFLICT (clinical_phenotype_id) DO NOTHING;

-- ----------------------------------------------------------------------------
-- CausalMechanisms: Inferred causal mechanisms linking variants, exposures, and molecular state to clinical phenotypes; must be experimentally falsifiable.
-- ----------------------------------------------------------------------------
INSERT INTO causal_mechanisms (causal_mechanism_id, mechanism_label, individual, genomic_variant, environmental_exposure, mechanism_type, has_pleiotropy, intervention_targets, evidence_items, cohort_replications, negative_control_tests)
VALUES ('cm-a', 'IRF5 regulatory -> type-I IFN -> SLE risk', 'ind-a-reyes', 'var-a-irf5', '', 'regulatory', FALSE, NULL, NULL, NULL, NULL) ON CONFLICT (causal_mechanism_id) DO NOTHING;

INSERT INTO causal_mechanisms (causal_mechanism_id, mechanism_label, individual, genomic_variant, environmental_exposure, mechanism_type, has_pleiotropy, intervention_targets, evidence_items, cohort_replications, negative_control_tests)
VALUES ('cm-b', 'IRF5 regulatory -> type-I IFN -> SLE risk', 'ind-b-okafor', 'var-b-irf5', '', 'regulatory', FALSE, NULL, NULL, NULL, NULL) ON CONFLICT (causal_mechanism_id) DO NOTHING;

INSERT INTO causal_mechanisms (causal_mechanism_id, mechanism_label, individual, genomic_variant, environmental_exposure, mechanism_type, has_pleiotropy, intervention_targets, evidence_items, cohort_replications, negative_control_tests)
VALUES ('cm-c', 'STAT4 regulatory -> Th1/IFN -> SLE risk', 'ind-c-chen', 'var-c-stat4', '', 'regulatory', FALSE, NULL, NULL, NULL, NULL) ON CONFLICT (causal_mechanism_id) DO NOTHING;

INSERT INTO causal_mechanisms (causal_mechanism_id, mechanism_label, individual, genomic_variant, environmental_exposure, mechanism_type, has_pleiotropy, intervention_targets, evidence_items, cohort_replications, negative_control_tests)
VALUES ('cm-d', 'IRF5 regulatory -> type-I IFN -> SLE risk', 'ind-d-santos', 'var-d-irf5', '', 'regulatory', FALSE, NULL, NULL, NULL, NULL) ON CONFLICT (causal_mechanism_id) DO NOTHING;

INSERT INTO causal_mechanisms (causal_mechanism_id, mechanism_label, individual, genomic_variant, environmental_exposure, mechanism_type, has_pleiotropy, intervention_targets, evidence_items, cohort_replications, negative_control_tests)
VALUES ('cm-e', 'CTLA4 enhancer -> T-cell costimulation -> SLE risk', 'ind-e-mensah', 'var-e-ctla4', '', 'regulatory', FALSE, NULL, NULL, NULL, NULL) ON CONFLICT (causal_mechanism_id) DO NOTHING;

INSERT INTO causal_mechanisms (causal_mechanism_id, mechanism_label, individual, genomic_variant, environmental_exposure, mechanism_type, has_pleiotropy, intervention_targets, evidence_items, cohort_replications, negative_control_tests)
VALUES ('cm-f', 'IL23R regulatory -> IL-17 axis -> PsA risk', 'ind-f-haidar', 'var-f-il23r', '', 'regulatory', FALSE, NULL, NULL, NULL, NULL) ON CONFLICT (causal_mechanism_id) DO NOTHING;

INSERT INTO causal_mechanisms (causal_mechanism_id, mechanism_label, individual, genomic_variant, environmental_exposure, mechanism_type, has_pleiotropy, intervention_targets, evidence_items, cohort_replications, negative_control_tests)
VALUES ('cm-g', 'IL23R regulatory -> IL-17 axis -> PsA risk', 'ind-g-lin', 'var-g-il23r', '', 'regulatory', FALSE, NULL, NULL, NULL, NULL) ON CONFLICT (causal_mechanism_id) DO NOTHING;

-- ----------------------------------------------------------------------------
-- EpistaticInteractions: Higher-order epistasis and pleiotropy interactions between genomic variants.
-- ----------------------------------------------------------------------------
INSERT INTO epistatic_interactions (epistatic_interaction_id, interaction_label, individual, primary_variant, secondary_variant, epistasis_score, has_pleiotropy)
VALUES ('epi-context', 'IRF5 x STAT4 (context only)', 'ind-a-reyes', 'var-a-irf5', 'var-c-stat4', 0.4, FALSE) ON CONFLICT (epistatic_interaction_id) DO NOTHING;

-- ----------------------------------------------------------------------------
-- CounterfactualTrajectories: Counterfactual disease trajectories inferred without randomized perturbation data.
-- ----------------------------------------------------------------------------
INSERT INTO counterfactual_trajectories (counterfactual_trajectory_id, trajectory_label, individual, autoimmune_disease, projected_severity, horizon_months, intervention_applied)
VALUES ('cf-context', 'Untreated SLE projection (context only)', 'ind-a-reyes', 'sle', 6, 12, 'none') ON CONFLICT (counterfactual_trajectory_id) DO NOTHING;

-- ----------------------------------------------------------------------------
-- IndividualPredictions: Predictions of disease onset, severity, treatment response, and adverse effects with calibrated uncertainty for ancestry-equitable risk prediction.
-- ----------------------------------------------------------------------------
INSERT INTO individual_predictions (individual_prediction_id, prediction_label, individual, autoimmune_disease, prediction_type, calibration_bins)
VALUES ('pred-a', 'pred-a', 'ind-a-reyes', 'sle', 'Onset', NULL) ON CONFLICT (individual_prediction_id) DO NOTHING;

INSERT INTO individual_predictions (individual_prediction_id, prediction_label, individual, autoimmune_disease, prediction_type, calibration_bins)
VALUES ('pred-b', 'pred-b', 'ind-b-okafor', 'sle', 'Onset', NULL) ON CONFLICT (individual_prediction_id) DO NOTHING;

INSERT INTO individual_predictions (individual_prediction_id, prediction_label, individual, autoimmune_disease, prediction_type, calibration_bins)
VALUES ('pred-c', 'pred-c', 'ind-c-chen', 'sle', 'Onset', NULL) ON CONFLICT (individual_prediction_id) DO NOTHING;

INSERT INTO individual_predictions (individual_prediction_id, prediction_label, individual, autoimmune_disease, prediction_type, calibration_bins)
VALUES ('pred-d', 'pred-d', 'ind-d-santos', 'sle', 'Onset', NULL) ON CONFLICT (individual_prediction_id) DO NOTHING;

INSERT INTO individual_predictions (individual_prediction_id, prediction_label, individual, autoimmune_disease, prediction_type, calibration_bins)
VALUES ('pred-e', 'pred-e', 'ind-e-mensah', 'sle', 'Onset', NULL) ON CONFLICT (individual_prediction_id) DO NOTHING;

INSERT INTO individual_predictions (individual_prediction_id, prediction_label, individual, autoimmune_disease, prediction_type, calibration_bins)
VALUES ('pred-f', 'pred-f', 'ind-f-haidar', 'psa', 'Onset', NULL) ON CONFLICT (individual_prediction_id) DO NOTHING;

INSERT INTO individual_predictions (individual_prediction_id, prediction_label, individual, autoimmune_disease, prediction_type, calibration_bins)
VALUES ('pred-g', 'pred-g', 'ind-g-lin', 'psa', 'Onset', NULL) ON CONFLICT (individual_prediction_id) DO NOTHING;

-- ----------------------------------------------------------------------------
-- CalibrationBins: Per-prediction reliability-curve bins, seeded from the held-out coverage of this individual's own ancestry x disease. Calibration is an aggregation over these rows.
-- ----------------------------------------------------------------------------
INSERT INTO calibration_bins (calibration_bin_id, bin_label, individual_prediction, predicted_probability_band, observed_event_rate, coverage_count)
VALUES ('cb-a-0', 'cb-a-0', 'pred-a', 0.1, 0.08, 30) ON CONFLICT (calibration_bin_id) DO NOTHING;

INSERT INTO calibration_bins (calibration_bin_id, bin_label, individual_prediction, predicted_probability_band, observed_event_rate, coverage_count)
VALUES ('cb-a-1', 'cb-a-1', 'pred-a', 0.3, 0.31, 30) ON CONFLICT (calibration_bin_id) DO NOTHING;

INSERT INTO calibration_bins (calibration_bin_id, bin_label, individual_prediction, predicted_probability_band, observed_event_rate, coverage_count)
VALUES ('cb-a-2', 'cb-a-2', 'pred-a', 0.5, 0.52, 30) ON CONFLICT (calibration_bin_id) DO NOTHING;

INSERT INTO calibration_bins (calibration_bin_id, bin_label, individual_prediction, predicted_probability_band, observed_event_rate, coverage_count)
VALUES ('cb-a-3', 'cb-a-3', 'pred-a', 0.7, 0.68, 30) ON CONFLICT (calibration_bin_id) DO NOTHING;

INSERT INTO calibration_bins (calibration_bin_id, bin_label, individual_prediction, predicted_probability_band, observed_event_rate, coverage_count)
VALUES ('cb-a-4', 'cb-a-4', 'pred-a', 0.9, 0.92, 30) ON CONFLICT (calibration_bin_id) DO NOTHING;

INSERT INTO calibration_bins (calibration_bin_id, bin_label, individual_prediction, predicted_probability_band, observed_event_rate, coverage_count)
VALUES ('cb-c-0', 'cb-c-0', 'pred-c', 0.1, 0.08, 30) ON CONFLICT (calibration_bin_id) DO NOTHING;

INSERT INTO calibration_bins (calibration_bin_id, bin_label, individual_prediction, predicted_probability_band, observed_event_rate, coverage_count)
VALUES ('cb-c-1', 'cb-c-1', 'pred-c', 0.3, 0.31, 30) ON CONFLICT (calibration_bin_id) DO NOTHING;

INSERT INTO calibration_bins (calibration_bin_id, bin_label, individual_prediction, predicted_probability_band, observed_event_rate, coverage_count)
VALUES ('cb-c-2', 'cb-c-2', 'pred-c', 0.5, 0.52, 30) ON CONFLICT (calibration_bin_id) DO NOTHING;

INSERT INTO calibration_bins (calibration_bin_id, bin_label, individual_prediction, predicted_probability_band, observed_event_rate, coverage_count)
VALUES ('cb-c-3', 'cb-c-3', 'pred-c', 0.7, 0.68, 30) ON CONFLICT (calibration_bin_id) DO NOTHING;

INSERT INTO calibration_bins (calibration_bin_id, bin_label, individual_prediction, predicted_probability_band, observed_event_rate, coverage_count)
VALUES ('cb-c-4', 'cb-c-4', 'pred-c', 0.9, 0.92, 30) ON CONFLICT (calibration_bin_id) DO NOTHING;

INSERT INTO calibration_bins (calibration_bin_id, bin_label, individual_prediction, predicted_probability_band, observed_event_rate, coverage_count)
VALUES ('cb-d-0', 'cb-d-0', 'pred-d', 0.1, 0.08, 30) ON CONFLICT (calibration_bin_id) DO NOTHING;

INSERT INTO calibration_bins (calibration_bin_id, bin_label, individual_prediction, predicted_probability_band, observed_event_rate, coverage_count)
VALUES ('cb-d-1', 'cb-d-1', 'pred-d', 0.3, 0.31, 30) ON CONFLICT (calibration_bin_id) DO NOTHING;

INSERT INTO calibration_bins (calibration_bin_id, bin_label, individual_prediction, predicted_probability_band, observed_event_rate, coverage_count)
VALUES ('cb-d-2', 'cb-d-2', 'pred-d', 0.5, 0.52, 30) ON CONFLICT (calibration_bin_id) DO NOTHING;

INSERT INTO calibration_bins (calibration_bin_id, bin_label, individual_prediction, predicted_probability_band, observed_event_rate, coverage_count)
VALUES ('cb-d-3', 'cb-d-3', 'pred-d', 0.7, 0.68, 30) ON CONFLICT (calibration_bin_id) DO NOTHING;

INSERT INTO calibration_bins (calibration_bin_id, bin_label, individual_prediction, predicted_probability_band, observed_event_rate, coverage_count)
VALUES ('cb-d-4', 'cb-d-4', 'pred-d', 0.9, 0.92, 30) ON CONFLICT (calibration_bin_id) DO NOTHING;

INSERT INTO calibration_bins (calibration_bin_id, bin_label, individual_prediction, predicted_probability_band, observed_event_rate, coverage_count)
VALUES ('cb-e-0', 'cb-e-0', 'pred-e', 0.1, 0.08, 30) ON CONFLICT (calibration_bin_id) DO NOTHING;

INSERT INTO calibration_bins (calibration_bin_id, bin_label, individual_prediction, predicted_probability_band, observed_event_rate, coverage_count)
VALUES ('cb-e-1', 'cb-e-1', 'pred-e', 0.3, 0.31, 30) ON CONFLICT (calibration_bin_id) DO NOTHING;

INSERT INTO calibration_bins (calibration_bin_id, bin_label, individual_prediction, predicted_probability_band, observed_event_rate, coverage_count)
VALUES ('cb-e-2', 'cb-e-2', 'pred-e', 0.5, 0.52, 30) ON CONFLICT (calibration_bin_id) DO NOTHING;

INSERT INTO calibration_bins (calibration_bin_id, bin_label, individual_prediction, predicted_probability_band, observed_event_rate, coverage_count)
VALUES ('cb-e-3', 'cb-e-3', 'pred-e', 0.7, 0.68, 30) ON CONFLICT (calibration_bin_id) DO NOTHING;

INSERT INTO calibration_bins (calibration_bin_id, bin_label, individual_prediction, predicted_probability_band, observed_event_rate, coverage_count)
VALUES ('cb-e-4', 'cb-e-4', 'pred-e', 0.9, 0.92, 30) ON CONFLICT (calibration_bin_id) DO NOTHING;

INSERT INTO calibration_bins (calibration_bin_id, bin_label, individual_prediction, predicted_probability_band, observed_event_rate, coverage_count)
VALUES ('cb-f-0', 'cb-f-0', 'pred-f', 0.1, 0.08, 30) ON CONFLICT (calibration_bin_id) DO NOTHING;

INSERT INTO calibration_bins (calibration_bin_id, bin_label, individual_prediction, predicted_probability_band, observed_event_rate, coverage_count)
VALUES ('cb-f-1', 'cb-f-1', 'pred-f', 0.3, 0.31, 30) ON CONFLICT (calibration_bin_id) DO NOTHING;

INSERT INTO calibration_bins (calibration_bin_id, bin_label, individual_prediction, predicted_probability_band, observed_event_rate, coverage_count)
VALUES ('cb-f-2', 'cb-f-2', 'pred-f', 0.5, 0.52, 30) ON CONFLICT (calibration_bin_id) DO NOTHING;

INSERT INTO calibration_bins (calibration_bin_id, bin_label, individual_prediction, predicted_probability_band, observed_event_rate, coverage_count)
VALUES ('cb-f-3', 'cb-f-3', 'pred-f', 0.7, 0.68, 30) ON CONFLICT (calibration_bin_id) DO NOTHING;

INSERT INTO calibration_bins (calibration_bin_id, bin_label, individual_prediction, predicted_probability_band, observed_event_rate, coverage_count)
VALUES ('cb-f-4', 'cb-f-4', 'pred-f', 0.9, 0.92, 30) ON CONFLICT (calibration_bin_id) DO NOTHING;

INSERT INTO calibration_bins (calibration_bin_id, bin_label, individual_prediction, predicted_probability_band, observed_event_rate, coverage_count)
VALUES ('cb-g-0', 'cb-g-0', 'pred-g', 0.1, 0.08, 30) ON CONFLICT (calibration_bin_id) DO NOTHING;

INSERT INTO calibration_bins (calibration_bin_id, bin_label, individual_prediction, predicted_probability_band, observed_event_rate, coverage_count)
VALUES ('cb-g-1', 'cb-g-1', 'pred-g', 0.3, 0.31, 30) ON CONFLICT (calibration_bin_id) DO NOTHING;

INSERT INTO calibration_bins (calibration_bin_id, bin_label, individual_prediction, predicted_probability_band, observed_event_rate, coverage_count)
VALUES ('cb-g-2', 'cb-g-2', 'pred-g', 0.5, 0.52, 30) ON CONFLICT (calibration_bin_id) DO NOTHING;

INSERT INTO calibration_bins (calibration_bin_id, bin_label, individual_prediction, predicted_probability_band, observed_event_rate, coverage_count)
VALUES ('cb-g-3', 'cb-g-3', 'pred-g', 0.7, 0.68, 30) ON CONFLICT (calibration_bin_id) DO NOTHING;

INSERT INTO calibration_bins (calibration_bin_id, bin_label, individual_prediction, predicted_probability_band, observed_event_rate, coverage_count)
VALUES ('cb-g-4', 'cb-g-4', 'pred-g', 0.9, 0.92, 30) ON CONFLICT (calibration_bin_id) DO NOTHING;

INSERT INTO calibration_bins (calibration_bin_id, bin_label, individual_prediction, predicted_probability_band, observed_event_rate, coverage_count)
VALUES ('cb-b-0', 'cb-b-0', 'pred-b', 0.1, 0.08, 8) ON CONFLICT (calibration_bin_id) DO NOTHING;

INSERT INTO calibration_bins (calibration_bin_id, bin_label, individual_prediction, predicted_probability_band, observed_event_rate, coverage_count)
VALUES ('cb-b-1', 'cb-b-1', 'pred-b', 0.3, 0.31, 8) ON CONFLICT (calibration_bin_id) DO NOTHING;

INSERT INTO calibration_bins (calibration_bin_id, bin_label, individual_prediction, predicted_probability_band, observed_event_rate, coverage_count)
VALUES ('cb-b-2', 'cb-b-2', 'pred-b', 0.5, 0.52, 8) ON CONFLICT (calibration_bin_id) DO NOTHING;

INSERT INTO calibration_bins (calibration_bin_id, bin_label, individual_prediction, predicted_probability_band, observed_event_rate, coverage_count)
VALUES ('cb-b-3', 'cb-b-3', 'pred-b', 0.7, 0.68, 8) ON CONFLICT (calibration_bin_id) DO NOTHING;

INSERT INTO calibration_bins (calibration_bin_id, bin_label, individual_prediction, predicted_probability_band, observed_event_rate, coverage_count)
VALUES ('cb-b-4', 'cb-b-4', 'pred-b', 0.9, 0.92, 8) ON CONFLICT (calibration_bin_id) DO NOTHING;

-- ----------------------------------------------------------------------------
-- InterventionTargets: Validated intervention targets for gene-based and cell-based therapies derived from falsifiable causal mechanisms.
-- ----------------------------------------------------------------------------
INSERT INTO intervention_targets (intervention_target_id, target_label, causal_mechanism, autoimmune_disease, therapy_class, is_validated)
VALUES ('it-a', 'IRF5 Regulatory Modulation', 'cm-a', 'sle', 'Gene-based', TRUE) ON CONFLICT (intervention_target_id) DO NOTHING;

INSERT INTO intervention_targets (intervention_target_id, target_label, causal_mechanism, autoimmune_disease, therapy_class, is_validated)
VALUES ('it-b', 'IRF5 Regulatory Modulation', 'cm-b', 'sle', 'Gene-based', TRUE) ON CONFLICT (intervention_target_id) DO NOTHING;

INSERT INTO intervention_targets (intervention_target_id, target_label, causal_mechanism, autoimmune_disease, therapy_class, is_validated)
VALUES ('it-c', 'STAT4 Pathway Modulation', 'cm-c', 'sle', 'Gene-based', FALSE) ON CONFLICT (intervention_target_id) DO NOTHING;

INSERT INTO intervention_targets (intervention_target_id, target_label, causal_mechanism, autoimmune_disease, therapy_class, is_validated)
VALUES ('it-d', 'IRF5 Regulatory Modulation', 'cm-d', 'sle', 'Gene-based', TRUE) ON CONFLICT (intervention_target_id) DO NOTHING;

INSERT INTO intervention_targets (intervention_target_id, target_label, causal_mechanism, autoimmune_disease, therapy_class, is_validated)
VALUES ('it-f', 'IL-17 Pathway Blockade (secukinumab)', 'cm-f', 'psa', 'Cell-based', TRUE) ON CONFLICT (intervention_target_id) DO NOTHING;

INSERT INTO intervention_targets (intervention_target_id, target_label, causal_mechanism, autoimmune_disease, therapy_class, is_validated)
VALUES ('it-g', 'IL-17 Pathway Blockade (secukinumab)', 'cm-g', 'psa', 'Cell-based', TRUE) ON CONFLICT (intervention_target_id) DO NOTHING;

-- ----------------------------------------------------------------------------
-- Axioms: Non-negotiable invariants the platform must obey. Load-bearing constraints, not per-loop work. Captured from the gauntlet conversation.
-- ----------------------------------------------------------------------------
INSERT INTO axioms (axiom_id, statement, rationale, category)
VALUES ('ax-llm-no-vote', 'The LLM never gets a vote on the conclusion.', 'Demotes the model to intake-clerk + lab; the verdict is the deterministic DAG''s, never the model''s.', 'trust-boundary') ON CONFLICT (axiom_id) DO NOTHING;

INSERT INTO axioms (axiom_id, statement, rationale, category)
VALUES ('ax-keystone-computed', 'IsClinicallyActionable is computed, never entered.', 'No field a curator (human or LLM) can set to make the diagnosis come out right.', 'solve-by-inference') ON CONFLICT (axiom_id) DO NOTHING;

INSERT INTO axioms (axiom_id, statement, rationale, category)
VALUES ('ax-line-in-dag', 'The trust boundary is a line in the DAG: fields with a formula are the model''s; raw-input leaf fields are the LLM''s (or a human''s).', 'Makes the boundary mechanically checkable rather than a vibe.', 'trust-boundary') ON CONFLICT (axiom_id) DO NOTHING;

INSERT INTO axioms (axiom_id, statement, rationale, category)
VALUES ('ax-llm-leaves-only', 'The LLM does exactly two things, both at the leaf layer: interpret intake facts, and produce synthetic-but-transparent test results.', 'Intake clerk + lab — the un-alarming medical roles. It computes no higher-order inference.', 'trust-boundary') ON CONFLICT (axiom_id) DO NOTHING;

INSERT INTO axioms (axiom_id, statement, rationale, category)
VALUES ('ax-every-choice-knob', 'Every choice the LLM makes is a literal, editable knob in the admin UI.', 'The model''s judgment is fully externalized; a wrong input is nudged, not re-prompted.', 'knob') ON CONFLICT (axiom_id) DO NOTHING;

INSERT INTO axioms (axiom_id, statement, rationale, category)
VALUES ('ax-formula-local-edit', 'Every DAG formula is inspectable and correctable in place, like a spreadsheet cell.', 'Editing a value or formula body is local to its dependency subtree; only retyping/regraphing ripples.', 'knob') ON CONFLICT (axiom_id) DO NOTHING;

INSERT INTO axioms (axiom_id, statement, rationale, category)
VALUES ('ax-independent-witness', 'Extraction and derivation are verifiable independently (three-panel witness).', 'Input case text -> extracted facts w/ provenance -> deterministic diagnosis. Defeats the laundering objection.', 'witness') ON CONFLICT (axiom_id) DO NOTHING;

INSERT INTO axioms (axiom_id, statement, rationale, category)
VALUES ('ax-both-verdicts', 'The same deterministic machine must land on either side and name the single deciding gate.', 'An engine that only ever says "actionable" proves nothing.', 'solve-by-inference') ON CONFLICT (axiom_id) DO NOTHING;

-- ----------------------------------------------------------------------------
-- TestsForSuccess: Falsifiable conditions that prove the axioms hold. The human-readable index of what each demonstration shows; many are realized in the witnessed harness.
-- ----------------------------------------------------------------------------
INSERT INTO tests_for_success (test_for_success_id, claim, how_witnessed, related_harness_file, status)
VALUES ('tfs-one-gate-each', 'Five of seven patients fail, each on exactly one gate.', 'Coverage matrix in scenarios.md; L6/L7 harness assert the deciding gate per patient.', 'admin-app/tests/L6-gates.test.js', 'red') ON CONFLICT (test_for_success_id) DO NOTHING;

INSERT INTO tests_for_success (test_for_success_id, claim, how_witnessed, related_harness_file, status)
VALUES ('tfs-both-sides', 'The same machine produces TRUE for {A,G} and FALSE for {B,C,D,E,F}.', 'L7-cohort.test.js asserts exactly {A,G} actionable as a set.', 'admin-app/tests/L7-cohort.test.js', 'red') ON CONFLICT (test_for_success_id) DO NOTHING;

INSERT INTO tests_for_success (test_for_success_id, claim, how_witnessed, related_harness_file, status)
VALUES ('tfs-no-hand-entry', 'Raw facts alone derive the keystone with no hand-entered answer anywhere.', 'Every leaf in the harness is a raw observation; keystone == AND(gates) cross-check.', 'admin-app/tests/L7-keystone.test.js', 'red') ON CONFLICT (test_for_success_id) DO NOTHING;

INSERT INTO tests_for_success (test_for_success_id, claim, how_witnessed, related_harness_file, status)
VALUES ('tfs-extraction-faithful', 'Extracted leaf facts are checkable against the source case text, independently of the verdict.', 'Three-panel witness view: per-fact provenance pointer back into the case text.', '', 'planned') ON CONFLICT (test_for_success_id) DO NOTHING;

INSERT INTO tests_for_success (test_for_success_id, claim, how_witnessed, related_harness_file, status)
VALUES ('tfs-all-seven', 'All seven oracle patients resolve to their expected keystone value.', 'Build verification asserts the scenarios.md oracle against vw_individualpredictions.', 'admin-app/tests/L7-keystone.test.js', 'red') ON CONFLICT (test_for_success_id) DO NOTHING;

INSERT INTO tests_for_success (test_for_success_id, claim, how_witnessed, related_harness_file, status)
VALUES ('tfs-witnessed-reasoning', 'Each derived node carries an expert-verifiable line of reasoning.', 'Derivation trace from derivation-spec.md printed in every test name/failure.', 'admin-app/tests/README.md', 'red') ON CONFLICT (test_for_success_id) DO NOTHING;

-- ----------------------------------------------------------------------------
-- Features: Buildable capabilities surfaced by the conversation. Coarser grain than loops; AssignedLoop links a feature to the loop that delivers it (nullable until scheduled).
-- ----------------------------------------------------------------------------
INSERT INTO features (feature_id, title, description, assigned_loop)
VALUES ('feat-llm-intake-clerk', 'LLM intake clerk', 'LLM reads a natural-language case and writes raw intake observation rows (ancestry, allele freqs, presenting facts) to base tables.', '') ON CONFLICT (feature_id) DO NOTHING;

INSERT INTO features (feature_id, title, description, assigned_loop)
VALUES ('feat-synthetic-lab', 'Synthetic-but-transparent lab generator', 'LLM emits the case''s test results (effect sizes/SEs, replication signs/p-values, permutation effect sizes, calibration coverage) as visible, sourced, editable leaf rows.', '') ON CONFLICT (feature_id) DO NOTHING;

INSERT INTO features (feature_id, title, description, assigned_loop)
VALUES ('feat-three-panel-witness', 'Three-panel witness view', 'Input case text | extracted facts with provenance | deterministic diagnosis + four-gate trace.', '') ON CONFLICT (feature_id) DO NOTHING;

INSERT INTO features (feature_id, title, description, assigned_loop)
VALUES ('feat-knob-edit-ui', 'Knob-editing admin UI', 'Every LLM-produced leaf value is an editable field; correcting it re-derives the DAG.', 'loop-2') ON CONFLICT (feature_id) DO NOTHING;

INSERT INTO features (feature_id, title, description, assigned_loop)
VALUES ('feat-gate-explainability', 'Gate explainability', 'For a patient, show why each gate passed/failed by walking one level down (coverage, cross-ancestry count, etc.).', 'loop-3') ON CONFLICT (feature_id) DO NOTHING;

INSERT INTO features (feature_id, title, description, assigned_loop)
VALUES ('feat-diagnosis-writeup', 'Per-patient diagnosis writeup', 'Doctor-style Markdown writeup (-> diagnosis.pdf once green) produced as an artifact of a passing run.', '') ON CONFLICT (feature_id) DO NOTHING;

-- ----------------------------------------------------------------------------
-- OpenQuestions: Decisions still pending, captured so they are not silently re-litigated in a later session.
-- ----------------------------------------------------------------------------
INSERT INTO open_questions (open_question_id, question, context, resolution, is_resolved)
VALUES ('oq-publish-now', 'Publish README now as a design/thesis doc, or hold until the harness goes green?', 'Repo is at Loop 0.5 (harness red, no LLM intake yet). Receipts land harder green.', '', FALSE) ON CONFLICT (open_question_id) DO NOTHING;

INSERT INTO open_questions (open_question_id, question, context, resolution, is_resolved)
VALUES ('oq-extract-vs-invent', 'Does the LLM extract facts present in the case, or invent plausible facts for a described case?', 'Mode #1 (extract) vs mode #2 (invent) changes how strong the claim is.', 'Mode #1 at intake (extract/interpret), and synthetic-but-transparent test results for the invented case — every number visible, sourced, editable.', TRUE) ON CONFLICT (open_question_id) DO NOTHING;

INSERT INTO open_questions (open_question_id, question, context, resolution, is_resolved)
VALUES ('oq-reworded-prompt', 'Confirm the reworded README prompt shares no distinctive phrasing with the prospect''s original.', 'Anonymity / no verbatim leakage before publishing.', '', FALSE) ON CONFLICT (open_question_id) DO NOTHING;

-- ----------------------------------------------------------------------------
-- NonGoals: Explicit out-of-scope statements — the positive twin of the anti-hallucination ledger. Stops scope creep.
-- ----------------------------------------------------------------------------
INSERT INTO non_goals (non_goal_id, statement, why_excluded)
VALUES ('ng-clinical-use', 'This is not validated clinical decision support and must never be used for clinical purposes.', 'Demonstration of inference structure only; all patients synthetic, all figures literature ranges.') ON CONFLICT (non_goal_id) DO NOTHING;

INSERT INTO non_goals (non_goal_id, statement, why_excluded)
VALUES ('ng-crud-ui', 'This is not a CRUD UI.', 'The home screen is the witnessed red/green harness; the payoff is a derived diagnosis writeup.') ON CONFLICT (non_goal_id) DO NOTHING;

INSERT INTO non_goals (non_goal_id, statement, why_excluded)
VALUES ('ng-llm-reasoning', 'The LLM does not perform higher-order reasoning or render the diagnosis.', 'All reasoning lives in the open, editable DAG; the LLM is intake clerk + lab only.') ON CONFLICT (non_goal_id) DO NOTHING;

INSERT INTO non_goals (non_goal_id, statement, why_excluded)
VALUES ('ng-full-breadth', 'The full omics breadth (counterfactual trajectories, most modalities, epistasis, exposures) is not on the keystone''s dependency path.', 'Kept as deliberate sparse context for breadth; pulled onto the path only when it earns its place (anti-hallucination rule).') ON CONFLICT (non_goal_id) DO NOTHING;

INSERT INTO non_goals (non_goal_id, statement, why_excluded)
VALUES ('ng-publish-verbatim', 'Never publish the prospect''s verbatim problem text.', 'Anonymity / good manners; the public artifact uses a reworded generic grand-challenge prompt.') ON CONFLICT (non_goal_id) DO NOTHING;

-- ----------------------------------------------------------------------------
-- GlossaryTerms: Vocabulary coined in the gauntlet conversation, so the framing is shared and stable across sessions.
-- ----------------------------------------------------------------------------
INSERT INTO glossary_terms (glossary_term_id, term, definition)
VALUES ('gt-knob', 'knob', 'A literal, editable leaf value in the admin UI representing one choice the LLM (or a human) made; nudged, not re-prompted, when wrong.') ON CONFLICT (glossary_term_id) DO NOTHING;

INSERT INTO glossary_terms (glossary_term_id, term, definition)
VALUES ('gt-intake-clerk-lab', 'intake clerk + lab', 'The only two roles the LLM plays: interpret intake facts (clerk) and produce the case''s test results (lab). Never the diagnostician.') ON CONFLICT (glossary_term_id) DO NOTHING;

INSERT INTO glossary_terms (glossary_term_id, term, definition)
VALUES ('gt-line-in-dag', 'line in the DAG', 'The trust boundary, stated mechanically: fields with a formula belong to the model; raw-input leaf fields are the LLM''s or a human''s.') ON CONFLICT (glossary_term_id) DO NOTHING;

INSERT INTO glossary_terms (glossary_term_id, term, definition)
VALUES ('gt-three-panel-witness', 'three-panel witness', 'Input case text | extracted facts with per-fact provenance | deterministic diagnosis + gate trace — the two halves checkable independently.') ON CONFLICT (glossary_term_id) DO NOTHING;

INSERT INTO glossary_terms (glossary_term_id, term, definition)
VALUES ('gt-fake-but-transparent', 'fake-but-transparent', 'Test results are synthetic (the case is invented) but every number is visible, sourced to the case, and editable; nothing is hidden.') ON CONFLICT (glossary_term_id) DO NOTHING;

INSERT INTO glossary_terms (glossary_term_id, term, definition)
VALUES ('gt-laundering-objection', 'laundering objection', 'The skeptic''s claim that a deterministic function over LLM-chosen inputs just launders a hallucination; defeated by externalized knobs + independent witness.') ON CONFLICT (glossary_term_id) DO NOTHING;

-- ----------------------------------------------------------------------------
-- LeopoldLoops: The ordered Leopold loops that build this platform, as data. The derived plan (LEOPOLD_LOOPING_PLAN.md, via json-hbars-transform) is generated from these rows; Completedness decides what shows in the current PLAN.
-- ----------------------------------------------------------------------------
INSERT INTO leopold_loops (leopold_loop_id, loop_number, title, goal, status, rule_commit_msg, state_commit_msg, sort_order)
VALUES ('loop-0', '0', 'Solve-by-inference rulebook', 'Convert 7 hand-entered answers to derived; add evidence/replication/control/calibration tables; wire raw observations -> keystone.', 'done', 'rule: keystone IsClinicallyActionable now derived from observations', 'state: Loop 0 — Postgres solve-by-inference verified', 0) ON CONFLICT (leopold_loop_id) DO NOTHING;

INSERT INTO leopold_loops (leopold_loop_id, loop_number, title, goal, status, rule_commit_msg, state_commit_msg, sort_order)
VALUES ('loop-0-5', '0.5', 'Test Harness First (the red contract)', 'Ship a witnessed inference harness asserting the entire DAG x 7 patients via the app API; red on arrival, load-bearing.', 'next', 'none — app-only loop, test-harness-first, no rule change', 'state: Loop 0.5 — red witnessed-inference harness is the app''s contract', 1) ON CONFLICT (leopold_loop_id) DO NOTHING;

INSERT INTO leopold_loops (leopold_loop_id, loop_number, title, goal, status, rule_commit_msg, state_commit_msg, sort_order)
VALUES ('loop-1', '1', 'Intake app skeleton', 'Turn keystone-level red tests green: wire cohort + prediction-panel endpoints reading vw_*.', 'planned', 'none — app-only loop, no rule change', 'state: Loop 1 — read-only intake app surfaces the keystone', 2) ON CONFLICT (leopold_loop_id) DO NOTHING;

INSERT INTO leopold_loops (leopold_loop_id, loop_number, title, goal, status, rule_commit_msg, state_commit_msg, sort_order)
VALUES ('loop-2', '2', 'Patient intake (facts in)', 'Form writes a new Individual + child observation rows to base tables, then re-reads the derived panel. The knob-editing payoff.', 'planned', 'rule (if any) for new intake field', 'state: Loop 2 — facts-in -> derived diagnosis works end to end', 3) ON CONFLICT (leopold_loop_id) DO NOTHING;

INSERT INTO leopold_loops (leopold_loop_id, loop_number, title, goal, status, rule_commit_msg, state_commit_msg, sort_order)
VALUES ('loop-3', '3', 'Gate explainability in the UI', 'Show why each gate passed/failed one level down; consider installing the explainer-DAG transpiler.', 'planned', 'rule: install explainer-dag', 'state: Loop 3 — gate explainability', 4) ON CONFLICT (leopold_loop_id) DO NOTHING;

INSERT INTO leopold_loops (leopold_loop_id, loop_number, title, goal, status, rule_commit_msg, state_commit_msg, sort_order)
VALUES ('loop-4', '4', 'Second prediction type (severity)', 'Add a derived severity prediction grounded in ClinicalPhenotypes.SeverityScore; pull one context table onto the load-bearing path.', 'planned', 'rule: severity prediction derived from clinical-activity evidence', 'state: Loop 4 — severity prediction', 5) ON CONFLICT (leopold_loop_id) DO NOTHING;

INSERT INTO leopold_loops (leopold_loop_id, loop_number, title, goal, status, rule_commit_msg, state_commit_msg, sort_order)
VALUES ('loop-5', '5', 'Treatment-response prediction', 'Derive a treatment-response prediction from Treatments + mechanism match; surface in the panel.', 'planned', 'rule: treatment-response prediction', 'state: Loop 5 — treatment-response prediction', 6) ON CONFLICT (leopold_loop_id) DO NOTHING;

INSERT INTO leopold_loops (leopold_loop_id, loop_number, title, goal, status, rule_commit_msg, state_commit_msg, sort_order)
VALUES ('loop-llm-intake', '6', 'LLM intake clerk + synthetic lab', 'Wire the LLM to read a NL case and write leaf observations (intake + synthetic-but-transparent test results), with three-panel witness and per-fact provenance.', 'backlog', 'rule (if any) for provenance fields', 'state: Loop 6 — LLM intake clerk, everything-is-a-knob', 7) ON CONFLICT (leopold_loop_id) DO NOTHING;

INSERT INTO leopold_loops (leopold_loop_id, loop_number, title, goal, status, rule_commit_msg, state_commit_msg, sort_order)
VALUES ('loop-adverse', '7', 'Adverse-effect prediction', 'Wire adverse-effect prediction to observed treatment adverse-event rows.', 'backlog', '', '', 8) ON CONFLICT (leopold_loop_id) DO NOTHING;

INSERT INTO leopold_loops (leopold_loop_id, loop_number, title, goal, status, rule_commit_msg, state_commit_msg, sort_order)
VALUES ('loop-equity', '8', 'Cohort-level equity report', 'Calibration & actionability rates by ancestry (ancestry-equity dashboard).', 'backlog', '', '', 9) ON CONFLICT (leopold_loop_id) DO NOTHING;

